{
    "loss": 1.3328924179077148,
    "accuracy": 0.6978417038917542
}